{
    "$schema": "https://schema.management.azure.com/schemas/2015-01-01/deploymentParameters.json#",
    "contentVersion": "1.0.0.0",
    "parameters": {
        "IotHubs_alanguloTestIotNH_connectionString": {
            "value": null
        },
        "IotHubs_alanguloTestIotNH_containerName": {
            "value": null
        },
        "vulnerabilityAssessments_Default_storageContainerPath": {
            "value": null
        },
        "servers_nhtesting_name": {
            "value": null
        },
        "sites_ICUHelperLogin_name": {
            "value": null
        },
        "sites_ICUHelperFunctions_name": {
            "value": null
        },
        "namespaces_alarmVitals_name": {
            "value": null
        },
        "IotHubs_alanguloTestIotNH_name": {
            "value": null
        },
        "serverfarms_ICUHelperLoginPlan_name": {
            "value": null
        },
        "serverfarms_SouthCentralUSPlan_name": {
            "value": null
        },
        "components_ICUHelperFunctions_name": {
            "value": null
        },
        "streamingjobs_alanguloTestNH_name": {
            "value": null
        },
        "storageAccounts_icuhelperfunctionsstorag_name": {
            "value": null
        },
        "smartdetectoralertrules_failure_anomalies___icuhelperfunctions_name": {
            "value": null
        },
        "actiongroups_application_insights_smart_detection_externalid": {
            "value": null
        }
    }
}