{
    "$schema": "https://schema.management.azure.com/schemas/2015-01-01/deploymentTemplate.json#",
    "contentVersion": "1.0.0.0",
    "parameters": {
        "IotHubs_alanguloTestIotNH_connectionString": {
            "type": "SecureString"
        },
        "IotHubs_alanguloTestIotNH_containerName": {
            "type": "SecureString"
        },
        "vulnerabilityAssessments_Default_storageContainerPath": {
            "type": "SecureString"
        },
        "servers_nhtesting_name": {
            "defaultValue": "nhtesting",
            "type": "String"
        },
        "sites_ICUHelperLogin_name": {
            "defaultValue": "ICUHelperLogin",
            "type": "String"
        },
        "sites_ICUHelperFunctions_name": {
            "defaultValue": "ICUHelperFunctions",
            "type": "String"
        },
        "namespaces_alarmVitals_name": {
            "defaultValue": "alarmVitals",
            "type": "String"
        },
        "IotHubs_alanguloTestIotNH_name": {
            "defaultValue": "alanguloTestIotNH",
            "type": "String"
        },
        "serverfarms_ICUHelperLoginPlan_name": {
            "defaultValue": "ICUHelperLoginPlan",
            "type": "String"
        },
        "serverfarms_SouthCentralUSPlan_name": {
            "defaultValue": "SouthCentralUSPlan",
            "type": "String"
        },
        "components_ICUHelperFunctions_name": {
            "defaultValue": "ICUHelperFunctions",
            "type": "String"
        },
        "streamingjobs_alanguloTestNH_name": {
            "defaultValue": "alanguloTestNH",
            "type": "String"
        },
        "storageAccounts_icuhelperfunctionsstorag_name": {
            "defaultValue": "icuhelperfunctionsstorag",
            "type": "String"
        },
        "smartdetectoralertrules_failure_anomalies___icuhelperfunctions_name": {
            "defaultValue": "failure anomalies - icuhelperfunctions",
            "type": "String"
        },
        "actiongroups_application_insights_smart_detection_externalid": {
            "defaultValue": "/subscriptions/02ddd6da-fdad-423c-9d5d-c8c2988867b6/resourceGroups/devops_azureml_demo/providers/microsoft.insights/actiongroups/application insights smart detection",
            "type": "String"
        }
    },
    "variables": {},
    "resources": [
        {
            "type": "Microsoft.Devices/IotHubs",
            "apiVersion": "2020-03-01",
            "name": "[parameters('IotHubs_alanguloTestIotNH_name')]",
            "location": "eastus",
            "sku": {
                "name": "B3",
                "tier": "Basic",
                "capacity": 1
            },
            "properties": {
                "ipFilterRules": [],
                "eventHubEndpoints": {
                    "events": {
                        "retentionTimeInDays": 1,
                        "partitionCount": 2
                    }
                },
                "routing": {
                    "endpoints": {
                        "serviceBusQueues": [],
                        "serviceBusTopics": [],
                        "eventHubs": [],
                        "storageContainers": []
                    },
                    "routes": [],
                    "fallbackRoute": {
                        "name": "$fallback",
                        "source": "DeviceMessages",
                        "condition": "true",
                        "endpointNames": [
                            "events"
                        ],
                        "isEnabled": true
                    }
                },
                "storageEndpoints": {
                    "$default": {
                        "sasTtlAsIso8601": "PT1H",
                        "connectionString": "[parameters('IotHubs_alanguloTestIotNH_connectionString')]",
                        "containerName": "[parameters('IotHubs_alanguloTestIotNH_containerName')]"
                    }
                },
                "messagingEndpoints": {
                    "fileNotifications": {
                        "lockDurationAsIso8601": "PT1M",
                        "ttlAsIso8601": "PT1H",
                        "maxDeliveryCount": 10
                    }
                },
                "enableFileUploadNotifications": false,
                "cloudToDevice": {
                    "maxDeliveryCount": 10,
                    "defaultTtlAsIso8601": "PT1H",
                    "feedback": {
                        "lockDurationAsIso8601": "PT1M",
                        "ttlAsIso8601": "PT1H",
                        "maxDeliveryCount": 10
                    }
                },
                "features": "None"
            }
        },
        {
            "type": "Microsoft.EventHub/namespaces",
            "apiVersion": "2018-01-01-preview",
            "name": "[parameters('namespaces_alarmVitals_name')]",
            "location": "East US",
            "sku": {
                "name": "Basic",
                "tier": "Basic",
                "capacity": 1
            },
            "properties": {
                "zoneRedundant": false,
                "isAutoInflateEnabled": false,
                "maximumThroughputUnits": 0,
                "kafkaEnabled": false
            }
        },
        {
            "type": "microsoft.insights/components",
            "apiVersion": "2015-05-01",
            "name": "[parameters('components_ICUHelperFunctions_name')]",
            "location": "westus2",
            "tags": {
                "hidden-link:/subscriptions/02ddd6da-fdad-423c-9d5d-c8c2988867b6/resourceGroups/NHErase/providers/Microsoft.Web/sites/ICUHelperFunctions": "Resource"
            },
            "kind": "web",
            "properties": {
                "Application_Type": "web",
                "Flow_Type": "Redfield",
                "Request_Source": "AppServiceEnablementCreate"
            }
        },
        {
            "type": "Microsoft.Sql/servers",
            "apiVersion": "2019-06-01-preview",
            "name": "[parameters('servers_nhtesting_name')]",
            "location": "eastus",
            "kind": "v12.0",
            "properties": {
                "administratorLogin": "alangulo",
                "version": "12.0",
                "publicNetworkAccess": "Enabled"
            }
        },
        {
            "type": "Microsoft.Storage/storageAccounts",
            "apiVersion": "2019-06-01",
            "name": "[parameters('storageAccounts_icuhelperfunctionsstorag_name')]",
            "location": "westus",
            "tags": {
                "hidden-related:/providers/Microsoft.Web/sites/ICUHelperFunctions": "empty"
            },
            "sku": {
                "name": "Standard_LRS",
                "tier": "Standard"
            },
            "kind": "Storage",
            "properties": {
                "networkAcls": {
                    "bypass": "AzureServices",
                    "virtualNetworkRules": [],
                    "ipRules": [],
                    "defaultAction": "Allow"
                },
                "supportsHttpsTrafficOnly": false,
                "encryption": {
                    "services": {
                        "file": {
                            "keyType": "Account",
                            "enabled": true
                        },
                        "blob": {
                            "keyType": "Account",
                            "enabled": true
                        }
                    },
                    "keySource": "Microsoft.Storage"
                }
            }
        },
        {
            "type": "Microsoft.StreamAnalytics/streamingjobs",
            "apiVersion": "2016-03-01",
            "name": "[parameters('streamingjobs_alanguloTestNH_name')]",
            "location": "East US",
            "properties": {
                "sku": {
                    "name": "Standard"
                },
                "outputStartMode": "JobStartTime",
                "eventsOutOfOrderPolicy": "Adjust",
                "outputErrorPolicy": "Stop",
                "eventsOutOfOrderMaxDelayInSeconds": 0,
                "eventsLateArrivalMaxDelayInSeconds": 5,
                "dataLocale": "en-US",
                "compatibilityLevel": "1.1"
            }
        },
        {
            "type": "Microsoft.Web/serverfarms",
            "apiVersion": "2018-02-01",
            "name": "[parameters('serverfarms_ICUHelperLoginPlan_name')]",
            "location": "East US",
            "sku": {
                "name": "F1",
                "tier": "Free",
                "size": "F1",
                "family": "F",
                "capacity": 0
            },
            "kind": "app",
            "properties": {
                "perSiteScaling": false,
                "maximumElasticWorkerCount": 1,
                "isSpot": false,
                "reserved": false,
                "isXenon": false,
                "hyperV": false,
                "targetWorkerCount": 0,
                "targetWorkerSizeId": 0
            }
        },
        {
            "type": "Microsoft.Web/serverfarms",
            "apiVersion": "2018-02-01",
            "name": "[parameters('serverfarms_SouthCentralUSPlan_name')]",
            "location": "South Central US",
            "sku": {
                "name": "Y1",
                "tier": "Dynamic",
                "size": "Y1",
                "family": "Y",
                "capacity": 0
            },
            "kind": "functionapp",
            "properties": {
                "perSiteScaling": false,
                "maximumElasticWorkerCount": 1,
                "isSpot": false,
                "reserved": false,
                "isXenon": false,
                "hyperV": false,
                "targetWorkerCount": 0,
                "targetWorkerSizeId": 0
            }
        },
        {
            "type": "microsoft.alertsmanagement/smartdetectoralertrules",
            "apiVersion": "2019-06-01",
            "name": "[parameters('smartdetectoralertrules_failure_anomalies___icuhelperfunctions_name')]",
            "location": "global",
            "dependsOn": [
                "[resourceId('microsoft.insights/components', parameters('components_ICUHelperFunctions_name'))]"
            ],
            "properties": {
                "description": "Failure Anomalies notifies you of an unusual rise in the rate of failed HTTP requests or dependency calls.",
                "state": "Enabled",
                "severity": "Sev3",
                "frequency": "PT1M",
                "detector": {
                    "id": "FailureAnomaliesDetector",
                    "name": "Failure Anomalies",
                    "description": "Detects if your application experiences an abnormal rise in the rate of HTTP requests or dependency calls that are reported as failed. The anomaly detection uses machine learning algorithms and occurs in near real time, therefore there's no need to define a frequency for this signal.<br/></br/>To help you triage and diagnose the problem, an analysis of the characteristics of the failures and related telemetry is provided with the detection. This feature works for any app, hosted in the cloud or on your own servers, that generates request or dependency telemetry - for example, if you have a worker role that calls <a class=\"ext-smartDetecor-link\" href=\\\"https://docs.microsoft.com/azure/application-insights/app-insights-api-custom-events-metrics#trackrequest\\\" target=\\\"_blank\\\">TrackRequest()</a> or <a class=\"ext-smartDetecor-link\" href=\\\"https://docs.microsoft.com/azure/application-insights/app-insights-api-custom-events-metrics#trackdependency\\\" target=\\\"_blank\\\">TrackDependency()</a>.<br/><br/><a class=\"ext-smartDetecor-link\" href=\\\"https://docs.microsoft.com/azure/azure-monitor/app/proactive-failure-diagnostics\\\" target=\\\"_blank\\\">Learn more about Failure Anomalies</a>",
                    "supportedResourceTypes": [
                        "ApplicationInsights"
                    ]
                },
                "scope": [
                    "[resourceId('microsoft.insights/components', parameters('components_ICUHelperFunctions_name'))]"
                ],
                "actionGroups": {
                    "groupIds": [
                        "[parameters('actiongroups_application_insights_smart_detection_externalid')]"
                    ]
                }
            }
        },
        {
            "type": "Microsoft.EventHub/namespaces/AuthorizationRules",
            "apiVersion": "2017-04-01",
            "name": "[concat(parameters('namespaces_alarmVitals_name'), '/RootManageSharedAccessKey')]",
            "location": "East US",
            "dependsOn": [
                "[resourceId('Microsoft.EventHub/namespaces', parameters('namespaces_alarmVitals_name'))]"
            ],
            "properties": {
                "rights": [
                    "Listen",
                    "Manage",
                    "Send"
                ]
            }
        },
        {
            "type": "Microsoft.EventHub/namespaces/eventhubs",
            "apiVersion": "2017-04-01",
            "name": "[concat(parameters('namespaces_alarmVitals_name'), '/vitalspo2')]",
            "location": "East US",
            "dependsOn": [
                "[resourceId('Microsoft.EventHub/namespaces', parameters('namespaces_alarmVitals_name'))]"
            ],
            "properties": {
                "messageRetentionInDays": 1,
                "partitionCount": 2,
                "status": "Active"
            }
        },
        {
            "type": "Microsoft.EventHub/namespaces/networkRuleSets",
            "apiVersion": "2018-01-01-preview",
            "name": "[concat(parameters('namespaces_alarmVitals_name'), '/default')]",
            "location": "East US",
            "dependsOn": [
                "[resourceId('Microsoft.EventHub/namespaces', parameters('namespaces_alarmVitals_name'))]"
            ],
            "properties": {
                "defaultAction": "Deny",
                "virtualNetworkRules": [],
                "ipRules": []
            }
        },
        {
            "type": "Microsoft.Sql/servers/advisors",
            "apiVersion": "2014-04-01",
            "name": "[concat(parameters('servers_nhtesting_name'), '/CreateIndex')]",
            "dependsOn": [
                "[resourceId('Microsoft.Sql/servers', parameters('servers_nhtesting_name'))]"
            ],
            "properties": {
                "autoExecuteValue": "Disabled"
            }
        },
        {
            "type": "Microsoft.Sql/servers/advisors",
            "apiVersion": "2014-04-01",
            "name": "[concat(parameters('servers_nhtesting_name'), '/DbParameterization')]",
            "dependsOn": [
                "[resourceId('Microsoft.Sql/servers', parameters('servers_nhtesting_name'))]"
            ],
            "properties": {
                "autoExecuteValue": "Disabled"
            }
        },
        {
            "type": "Microsoft.Sql/servers/advisors",
            "apiVersion": "2014-04-01",
            "name": "[concat(parameters('servers_nhtesting_name'), '/DefragmentIndex')]",
            "dependsOn": [
                "[resourceId('Microsoft.Sql/servers', parameters('servers_nhtesting_name'))]"
            ],
            "properties": {
                "autoExecuteValue": "Disabled"
            }
        },
        {
            "type": "Microsoft.Sql/servers/advisors",
            "apiVersion": "2014-04-01",
            "name": "[concat(parameters('servers_nhtesting_name'), '/DropIndex')]",
            "dependsOn": [
                "[resourceId('Microsoft.Sql/servers', parameters('servers_nhtesting_name'))]"
            ],
            "properties": {
                "autoExecuteValue": "Disabled"
            }
        },
        {
            "type": "Microsoft.Sql/servers/advisors",
            "apiVersion": "2014-04-01",
            "name": "[concat(parameters('servers_nhtesting_name'), '/ForceLastGoodPlan')]",
            "dependsOn": [
                "[resourceId('Microsoft.Sql/servers', parameters('servers_nhtesting_name'))]"
            ],
            "properties": {
                "autoExecuteValue": "Enabled"
            }
        },
        {
            "type": "Microsoft.Sql/servers/auditingPolicies",
            "apiVersion": "2014-04-01",
            "name": "[concat(parameters('servers_nhtesting_name'), '/Default')]",
            "location": "East US",
            "dependsOn": [
                "[resourceId('Microsoft.Sql/servers', parameters('servers_nhtesting_name'))]"
            ],
            "properties": {
                "auditingState": "Disabled"
            }
        },
        {
            "type": "Microsoft.Sql/servers/auditingSettings",
            "apiVersion": "2017-03-01-preview",
            "name": "[concat(parameters('servers_nhtesting_name'), '/Default')]",
            "dependsOn": [
                "[resourceId('Microsoft.Sql/servers', parameters('servers_nhtesting_name'))]"
            ],
            "properties": {
                "state": "Disabled",
                "retentionDays": 0,
                "auditActionsAndGroups": [],
                "storageAccountSubscriptionId": "00000000-0000-0000-0000-000000000000",
                "isStorageSecondaryKeyInUse": false,
                "isAzureMonitorTargetEnabled": false
            }
        },
        {
            "type": "Microsoft.Sql/servers/databases",
            "apiVersion": "2019-06-01-preview",
            "name": "[concat(parameters('servers_nhtesting_name'), '/nhalangulo')]",
            "location": "eastus",
            "dependsOn": [
                "[resourceId('Microsoft.Sql/servers', parameters('servers_nhtesting_name'))]"
            ],
            "sku": {
                "name": "Basic",
                "tier": "Basic",
                "capacity": 5
            },
            "kind": "v12.0,user",
            "properties": {
                "collation": "SQL_Latin1_General_CP1_CI_AS",
                "maxSizeBytes": 2147483648,
                "catalogCollation": "SQL_Latin1_General_CP1_CI_AS",
                "zoneRedundant": false,
                "readScale": "Disabled",
                "readReplicaCount": 0,
                "storageAccountType": "GRS"
            }
        },
        {
            "type": "Microsoft.Sql/servers/databases/auditingPolicies",
            "apiVersion": "2014-04-01",
            "name": "[concat(parameters('servers_nhtesting_name'), '/master/Default')]",
            "location": "East US",
            "dependsOn": [
                "[resourceId('Microsoft.Sql/servers', parameters('servers_nhtesting_name'))]"
            ],
            "properties": {
                "auditingState": "Disabled"
            }
        },
        {
            "type": "Microsoft.Sql/servers/databases/auditingSettings",
            "apiVersion": "2017-03-01-preview",
            "name": "[concat(parameters('servers_nhtesting_name'), '/master/Default')]",
            "dependsOn": [
                "[resourceId('Microsoft.Sql/servers', parameters('servers_nhtesting_name'))]"
            ],
            "properties": {
                "state": "Disabled",
                "retentionDays": 0,
                "storageAccountSubscriptionId": "00000000-0000-0000-0000-000000000000",
                "isAzureMonitorTargetEnabled": false
            }
        },
        {
            "type": "Microsoft.Sql/servers/databases/extendedAuditingSettings",
            "apiVersion": "2017-03-01-preview",
            "name": "[concat(parameters('servers_nhtesting_name'), '/master/Default')]",
            "dependsOn": [
                "[resourceId('Microsoft.Sql/servers', parameters('servers_nhtesting_name'))]"
            ],
            "properties": {
                "state": "Disabled",
                "retentionDays": 0,
                "storageAccountSubscriptionId": "00000000-0000-0000-0000-000000000000",
                "isAzureMonitorTargetEnabled": false
            }
        },
        {
            "type": "Microsoft.Sql/servers/databases/geoBackupPolicies",
            "apiVersion": "2014-04-01",
            "name": "[concat(parameters('servers_nhtesting_name'), '/master/Default')]",
            "location": "East US",
            "dependsOn": [
                "[resourceId('Microsoft.Sql/servers', parameters('servers_nhtesting_name'))]"
            ],
            "properties": {
                "state": "Enabled"
            }
        },
        {
            "type": "Microsoft.Sql/servers/databases/securityAlertPolicies",
            "apiVersion": "2018-06-01-preview",
            "name": "[concat(parameters('servers_nhtesting_name'), '/master/Default')]",
            "dependsOn": [
                "[resourceId('Microsoft.Sql/servers', parameters('servers_nhtesting_name'))]"
            ],
            "properties": {
                "state": "Disabled",
                "disabledAlerts": [
                    ""
                ],
                "emailAddresses": [
                    ""
                ],
                "emailAccountAdmins": false,
                "retentionDays": 0
            }
        },
        {
            "type": "Microsoft.Sql/servers/databases/transparentDataEncryption",
            "apiVersion": "2014-04-01",
            "name": "[concat(parameters('servers_nhtesting_name'), '/master/current')]",
            "location": "East US",
            "dependsOn": [
                "[resourceId('Microsoft.Sql/servers', parameters('servers_nhtesting_name'))]"
            ],
            "properties": {
                "status": "Disabled"
            }
        },
        {
            "type": "Microsoft.Sql/servers/databases/vulnerabilityAssessments",
            "apiVersion": "2017-03-01-preview",
            "name": "[concat(parameters('servers_nhtesting_name'), '/master/Default')]",
            "dependsOn": [
                "[resourceId('Microsoft.Sql/servers', parameters('servers_nhtesting_name'))]"
            ],
            "properties": {
                "recurringScans": {
                    "isEnabled": false,
                    "emailSubscriptionAdmins": true
                }
            }
        },
        {
            "type": "Microsoft.Sql/servers/encryptionProtector",
            "apiVersion": "2015-05-01-preview",
            "name": "[concat(parameters('servers_nhtesting_name'), '/current')]",
            "dependsOn": [
                "[resourceId('Microsoft.Sql/servers', parameters('servers_nhtesting_name'))]"
            ],
            "kind": "servicemanaged",
            "properties": {
                "serverKeyName": "ServiceManaged",
                "serverKeyType": "ServiceManaged"
            }
        },
        {
            "type": "Microsoft.Sql/servers/extendedAuditingSettings",
            "apiVersion": "2017-03-01-preview",
            "name": "[concat(parameters('servers_nhtesting_name'), '/Default')]",
            "dependsOn": [
                "[resourceId('Microsoft.Sql/servers', parameters('servers_nhtesting_name'))]"
            ],
            "properties": {
                "state": "Disabled",
                "retentionDays": 0,
                "auditActionsAndGroups": [],
                "storageAccountSubscriptionId": "00000000-0000-0000-0000-000000000000",
                "isStorageSecondaryKeyInUse": false,
                "isAzureMonitorTargetEnabled": false
            }
        },
        {
            "type": "Microsoft.Sql/servers/keys",
            "apiVersion": "2015-05-01-preview",
            "name": "[concat(parameters('servers_nhtesting_name'), '/ServiceManaged')]",
            "dependsOn": [
                "[resourceId('Microsoft.Sql/servers', parameters('servers_nhtesting_name'))]"
            ],
            "kind": "servicemanaged",
            "properties": {
                "serverKeyType": "ServiceManaged"
            }
        },
        {
            "type": "Microsoft.Sql/servers/securityAlertPolicies",
            "apiVersion": "2017-03-01-preview",
            "name": "[concat(parameters('servers_nhtesting_name'), '/Default')]",
            "dependsOn": [
                "[resourceId('Microsoft.Sql/servers', parameters('servers_nhtesting_name'))]"
            ],
            "properties": {
                "state": "Disabled",
                "disabledAlerts": [
                    ""
                ],
                "emailAddresses": [
                    ""
                ],
                "emailAccountAdmins": false,
                "retentionDays": 0
            }
        },
        {
            "type": "Microsoft.Sql/servers/vulnerabilityAssessments",
            "apiVersion": "2018-06-01-preview",
            "name": "[concat(parameters('servers_nhtesting_name'), '/Default')]",
            "dependsOn": [
                "[resourceId('Microsoft.Sql/servers', parameters('servers_nhtesting_name'))]"
            ],
            "properties": {
                "recurringScans": {
                    "isEnabled": false,
                    "emailSubscriptionAdmins": true
                },
                "storageContainerPath": "[parameters('vulnerabilityAssessments_Default_storageContainerPath')]"
            }
        },
        {
            "type": "Microsoft.Storage/storageAccounts/blobServices",
            "apiVersion": "2019-06-01",
            "name": "[concat(parameters('storageAccounts_icuhelperfunctionsstorag_name'), '/default')]",
            "dependsOn": [
                "[resourceId('Microsoft.Storage/storageAccounts', parameters('storageAccounts_icuhelperfunctionsstorag_name'))]"
            ],
            "sku": {
                "name": "Standard_LRS",
                "tier": "Standard"
            },
            "properties": {
                "cors": {
                    "corsRules": []
                },
                "deleteRetentionPolicy": {
                    "enabled": false
                }
            }
        },
        {
            "type": "Microsoft.Storage/storageAccounts/fileServices",
            "apiVersion": "2019-06-01",
            "name": "[concat(parameters('storageAccounts_icuhelperfunctionsstorag_name'), '/default')]",
            "dependsOn": [
                "[resourceId('Microsoft.Storage/storageAccounts', parameters('storageAccounts_icuhelperfunctionsstorag_name'))]"
            ],
            "sku": {
                "name": "Standard_LRS",
                "tier": "Standard"
            },
            "properties": {
                "cors": {
                    "corsRules": []
                }
            }
        },
        {
            "type": "Microsoft.StreamAnalytics/streamingjobs/inputs",
            "apiVersion": "2016-03-01",
            "name": "[concat(parameters('streamingjobs_alanguloTestNH_name'), '/nh1')]",
            "dependsOn": [
                "[resourceId('Microsoft.StreamAnalytics/streamingjobs', parameters('streamingjobs_alanguloTestNH_name'))]"
            ],
            "properties": {
                "type": "Stream",
                "datasource": {
                    "type": "Microsoft.Devices/IotHubs",
                    "properties": {
                        "iotHubNamespace": "alanguloTestIotNH",
                        "sharedAccessPolicyName": "iothubowner",
                        "endpoint": "messages/events",
                        "consumerGroupName": "$Default"
                    }
                },
                "serialization": {
                    "type": "Json",
                    "properties": {
                        "encoding": "UTF8"
                    }
                }
            }
        },
        {
            "type": "Microsoft.StreamAnalytics/streamingjobs/outputs",
            "apiVersion": "2016-03-01",
            "name": "[concat(parameters('streamingjobs_alanguloTestNH_name'), '/vitalsAlert')]",
            "dependsOn": [
                "[resourceId('Microsoft.StreamAnalytics/streamingjobs', parameters('streamingjobs_alanguloTestNH_name'))]"
            ],
            "properties": {
                "datasource": {
                    "type": "Microsoft.ServiceBus/EventHub",
                    "properties": {
                        "eventHubName": "vitalspo2",
                        "serviceBusNamespace": "alarmVitals",
                        "sharedAccessPolicyName": "alanguloTestNH_vitalsAlert_policy"
                    }
                },
                "serialization": {
                    "type": "Json",
                    "properties": {
                        "encoding": "UTF8",
                        "format": "Array"
                    }
                }
            }
        },
        {
            "type": "Microsoft.Web/sites",
            "apiVersion": "2018-11-01",
            "name": "[parameters('sites_ICUHelperFunctions_name')]",
            "location": "South Central US",
            "dependsOn": [
                "[resourceId('Microsoft.Web/serverfarms', parameters('serverfarms_SouthCentralUSPlan_name'))]"
            ],
            "kind": "functionapp",
            "properties": {
                "enabled": true,
                "hostNameSslStates": [
                    {
                        "name": "icuhelperfunctions.azurewebsites.net",
                        "sslState": "Disabled",
                        "hostType": "Standard"
                    },
                    {
                        "name": "icuhelperfunctions.scm.azurewebsites.net",
                        "sslState": "Disabled",
                        "hostType": "Repository"
                    }
                ],
                "serverFarmId": "[resourceId('Microsoft.Web/serverfarms', parameters('serverfarms_SouthCentralUSPlan_name'))]",
                "reserved": false,
                "isXenon": false,
                "hyperV": false,
                "siteConfig": {},
                "scmSiteAlsoStopped": false,
                "clientAffinityEnabled": false,
                "clientCertEnabled": false,
                "hostNamesDisabled": false,
                "containerSize": 1536,
                "dailyMemoryTimeQuota": 0,
                "httpsOnly": true,
                "redundancyMode": "None"
            }
        },
        {
            "type": "Microsoft.Web/sites",
            "apiVersion": "2018-11-01",
            "name": "[parameters('sites_ICUHelperLogin_name')]",
            "location": "East US",
            "dependsOn": [
                "[resourceId('Microsoft.Web/serverfarms', parameters('serverfarms_ICUHelperLoginPlan_name'))]"
            ],
            "tags": {
                "hidden-related:/subscriptions/02ddd6da-fdad-423c-9d5d-c8c2988867b6/resourceGroups/NHErase/providers/Microsoft.Web/serverfarms/ICUHelperLoginPlan": "empty"
            },
            "kind": "app",
            "properties": {
                "enabled": true,
                "hostNameSslStates": [
                    {
                        "name": "icuhelperlogin.azurewebsites.net",
                        "sslState": "Disabled",
                        "hostType": "Standard"
                    },
                    {
                        "name": "icuhelperlogin.scm.azurewebsites.net",
                        "sslState": "Disabled",
                        "hostType": "Repository"
                    }
                ],
                "serverFarmId": "[resourceId('Microsoft.Web/serverfarms', parameters('serverfarms_ICUHelperLoginPlan_name'))]",
                "reserved": false,
                "isXenon": false,
                "hyperV": false,
                "siteConfig": {},
                "scmSiteAlsoStopped": false,
                "clientAffinityEnabled": true,
                "clientCertEnabled": false,
                "hostNamesDisabled": false,
                "containerSize": 0,
                "dailyMemoryTimeQuota": 0,
                "httpsOnly": true,
                "redundancyMode": "None"
            }
        },
        {
            "type": "Microsoft.Web/sites/config",
            "apiVersion": "2018-11-01",
            "name": "[concat(parameters('sites_ICUHelperFunctions_name'), '/web')]",
            "location": "South Central US",
            "dependsOn": [
                "[resourceId('Microsoft.Web/sites', parameters('sites_ICUHelperFunctions_name'))]"
            ],
            "properties": {
                "numberOfWorkers": -1,
                "defaultDocuments": [
                    "Default.htm",
                    "Default.html",
                    "Default.asp",
                    "index.htm",
                    "index.html",
                    "iisstart.htm",
                    "default.aspx",
                    "index.php"
                ],
                "netFrameworkVersion": "v4.0",
                "phpVersion": "5.6",
                "requestTracingEnabled": false,
                "remoteDebuggingEnabled": false,
                "remoteDebuggingVersion": "VS2019",
                "httpLoggingEnabled": false,
                "logsDirectorySizeLimit": 35,
                "detailedErrorLoggingEnabled": false,
                "publishingUsername": "$ICUHelperFunctions",
                "scmType": "None",
                "use32BitWorkerProcess": true,
                "webSocketsEnabled": false,
                "alwaysOn": false,
                "managedPipelineMode": "Integrated",
                "virtualApplications": [
                    {
                        "virtualPath": "/",
                        "physicalPath": "site\\wwwroot",
                        "preloadEnabled": false
                    }
                ],
                "loadBalancing": "LeastRequests",
                "experiments": {
                    "rampUpRules": []
                },
                "autoHealEnabled": false,
                "cors": {
                    "allowedOrigins": [
                        "*"
                    ],
                    "supportCredentials": false
                },
                "localMySqlEnabled": false,
                "ipSecurityRestrictions": [
                    {
                        "ipAddress": "Any",
                        "action": "Allow",
                        "priority": 1,
                        "name": "Allow all",
                        "description": "Allow all access"
                    }
                ],
                "scmIpSecurityRestrictions": [
                    {
                        "ipAddress": "Any",
                        "action": "Allow",
                        "priority": 1,
                        "name": "Allow all",
                        "description": "Allow all access"
                    }
                ],
                "scmIpSecurityRestrictionsUseMain": false,
                "http20Enabled": false,
                "minTlsVersion": "1.2",
                "ftpsState": "AllAllowed",
                "reservedInstanceCount": 0
            }
        },
        {
            "type": "Microsoft.Web/sites/config",
            "apiVersion": "2018-11-01",
            "name": "[concat(parameters('sites_ICUHelperLogin_name'), '/web')]",
            "location": "East US",
            "dependsOn": [
                "[resourceId('Microsoft.Web/sites', parameters('sites_ICUHelperLogin_name'))]"
            ],
            "tags": {
                "hidden-related:/subscriptions/02ddd6da-fdad-423c-9d5d-c8c2988867b6/resourceGroups/NHErase/providers/Microsoft.Web/serverfarms/ICUHelperLoginPlan": "empty"
            },
            "properties": {
                "numberOfWorkers": 1,
                "defaultDocuments": [
                    "Default.htm",
                    "Default.html",
                    "Default.asp",
                    "index.htm",
                    "index.html",
                    "iisstart.htm",
                    "default.aspx",
                    "index.php",
                    "hostingstart.html"
                ],
                "netFrameworkVersion": "v4.0",
                "phpVersion": "5.6",
                "requestTracingEnabled": false,
                "remoteDebuggingEnabled": false,
                "httpLoggingEnabled": false,
                "logsDirectorySizeLimit": 35,
                "detailedErrorLoggingEnabled": false,
                "publishingUsername": "$ICUHelperLogin",
                "scmType": "None",
                "use32BitWorkerProcess": true,
                "webSocketsEnabled": false,
                "alwaysOn": false,
                "managedPipelineMode": "Integrated",
                "virtualApplications": [
                    {
                        "virtualPath": "/",
                        "physicalPath": "site\\wwwroot",
                        "preloadEnabled": false
                    }
                ],
                "loadBalancing": "LeastRequests",
                "experiments": {
                    "rampUpRules": []
                },
                "autoHealEnabled": false,
                "localMySqlEnabled": false,
                "ipSecurityRestrictions": [
                    {
                        "ipAddress": "Any",
                        "action": "Allow",
                        "priority": 1,
                        "name": "Allow all",
                        "description": "Allow all access"
                    }
                ],
                "scmIpSecurityRestrictions": [
                    {
                        "ipAddress": "Any",
                        "action": "Allow",
                        "priority": 1,
                        "name": "Allow all",
                        "description": "Allow all access"
                    }
                ],
                "scmIpSecurityRestrictionsUseMain": false,
                "http20Enabled": false,
                "minTlsVersion": "1.2",
                "ftpsState": "AllAllowed",
                "reservedInstanceCount": 0
            }
        },
        {
            "type": "Microsoft.Web/sites/deployments",
            "apiVersion": "2018-11-01",
            "name": "[concat(parameters('sites_ICUHelperFunctions_name'), '/1bbfb9ef6e3f4c60ab216a6d2fe7e26c')]",
            "location": "South Central US",
            "dependsOn": [
                "[resourceId('Microsoft.Web/sites', parameters('sites_ICUHelperFunctions_name'))]"
            ],
            "properties": {
                "status": 4,
                "author_email": "N/A",
                "author": "N/A",
                "deployer": "Push-Deployer",
                "message": "Created via a push deployment",
                "start_time": "2020-05-16T20:30:51.9457829Z",
                "end_time": "2020-05-16T20:31:11.1561275Z",
                "active": false
            }
        },
        {
            "type": "Microsoft.Web/sites/deployments",
            "apiVersion": "2018-11-01",
            "name": "[concat(parameters('sites_ICUHelperFunctions_name'), '/20d670d5abaf4200bcc727f594f52668')]",
            "location": "South Central US",
            "dependsOn": [
                "[resourceId('Microsoft.Web/sites', parameters('sites_ICUHelperFunctions_name'))]"
            ],
            "properties": {
                "status": 4,
                "author_email": "N/A",
                "author": "N/A",
                "deployer": "Push-Deployer",
                "message": "Created via a push deployment",
                "start_time": "2020-05-16T22:21:53.5173675Z",
                "end_time": "2020-05-16T22:22:07.9731005Z",
                "active": false
            }
        },
        {
            "type": "Microsoft.Web/sites/deployments",
            "apiVersion": "2018-11-01",
            "name": "[concat(parameters('sites_ICUHelperFunctions_name'), '/2d0247da176e404d81b941482309a4ca')]",
            "location": "South Central US",
            "dependsOn": [
                "[resourceId('Microsoft.Web/sites', parameters('sites_ICUHelperFunctions_name'))]"
            ],
            "properties": {
                "status": 4,
                "author_email": "N/A",
                "author": "N/A",
                "deployer": "Push-Deployer",
                "message": "Created via a push deployment",
                "start_time": "2020-05-16T21:58:44.4952693Z",
                "end_time": "2020-05-16T21:58:58.8482684Z",
                "active": false
            }
        },
        {
            "type": "Microsoft.Web/sites/deployments",
            "apiVersion": "2018-11-01",
            "name": "[concat(parameters('sites_ICUHelperFunctions_name'), '/94e90526702541c488fcf8e6f3046302')]",
            "location": "South Central US",
            "dependsOn": [
                "[resourceId('Microsoft.Web/sites', parameters('sites_ICUHelperFunctions_name'))]"
            ],
            "properties": {
                "status": 4,
                "author_email": "N/A",
                "author": "N/A",
                "deployer": "Push-Deployer",
                "message": "Created via a push deployment",
                "start_time": "2020-05-16T23:26:25.9047286Z",
                "end_time": "2020-05-16T23:26:40.3757849Z",
                "active": false
            }
        },
        {
            "type": "Microsoft.Web/sites/deployments",
            "apiVersion": "2018-11-01",
            "name": "[concat(parameters('sites_ICUHelperFunctions_name'), '/b66a9802d42249898ae905eb86c176e6')]",
            "location": "South Central US",
            "dependsOn": [
                "[resourceId('Microsoft.Web/sites', parameters('sites_ICUHelperFunctions_name'))]"
            ],
            "properties": {
                "status": 4,
                "author_email": "N/A",
                "author": "N/A",
                "deployer": "Push-Deployer",
                "message": "Created via a push deployment",
                "start_time": "2020-05-16T22:18:53.4807105Z",
                "end_time": "2020-05-16T22:19:07.7115346Z",
                "active": false
            }
        },
        {
            "type": "Microsoft.Web/sites/deployments",
            "apiVersion": "2018-11-01",
            "name": "[concat(parameters('sites_ICUHelperFunctions_name'), '/b7e9f69f5c6847daab52b583f891ab37')]",
            "location": "South Central US",
            "dependsOn": [
                "[resourceId('Microsoft.Web/sites', parameters('sites_ICUHelperFunctions_name'))]"
            ],
            "properties": {
                "status": 4,
                "author_email": "N/A",
                "author": "N/A",
                "deployer": "Push-Deployer",
                "message": "Created via a push deployment",
                "start_time": "2020-05-17T05:47:38.6642372Z",
                "end_time": "2020-05-17T05:47:54.4628746Z",
                "active": true
            }
        },
        {
            "type": "Microsoft.Web/sites/deployments",
            "apiVersion": "2018-11-01",
            "name": "[concat(parameters('sites_ICUHelperFunctions_name'), '/bf23034d3f3d434bbbb5a6a6f9ee4ae8')]",
            "location": "South Central US",
            "dependsOn": [
                "[resourceId('Microsoft.Web/sites', parameters('sites_ICUHelperFunctions_name'))]"
            ],
            "properties": {
                "status": 4,
                "author_email": "N/A",
                "author": "N/A",
                "deployer": "Push-Deployer",
                "message": "Created via a push deployment",
                "start_time": "2020-05-16T06:08:03.6080117Z",
                "end_time": "2020-05-16T06:08:16.043638Z",
                "active": false
            }
        },
        {
            "type": "Microsoft.Web/sites/deployments",
            "apiVersion": "2018-11-01",
            "name": "[concat(parameters('sites_ICUHelperFunctions_name'), '/e3b7828c998743549e1f92bdeafeb4a4')]",
            "location": "South Central US",
            "dependsOn": [
                "[resourceId('Microsoft.Web/sites', parameters('sites_ICUHelperFunctions_name'))]"
            ],
            "properties": {
                "status": 4,
                "author_email": "N/A",
                "author": "N/A",
                "deployer": "Push-Deployer",
                "message": "Created via a push deployment",
                "start_time": "2020-05-16T06:01:33.1699075Z",
                "end_time": "2020-05-16T06:01:45.6654302Z",
                "active": false
            }
        },
        {
            "type": "Microsoft.Web/sites/deployments",
            "apiVersion": "2018-11-01",
            "name": "[concat(parameters('sites_ICUHelperFunctions_name'), '/eb5417a75069417981b9f0e4238ae385')]",
            "location": "South Central US",
            "dependsOn": [
                "[resourceId('Microsoft.Web/sites', parameters('sites_ICUHelperFunctions_name'))]"
            ],
            "properties": {
                "status": 4,
                "author_email": "N/A",
                "author": "N/A",
                "deployer": "Push-Deployer",
                "message": "Created via a push deployment",
                "start_time": "2020-05-17T04:08:04.615816Z",
                "end_time": "2020-05-17T04:08:18.4847504Z",
                "active": false
            }
        },
        {
            "type": "Microsoft.Web/sites/deployments",
            "apiVersion": "2018-11-01",
            "name": "[concat(parameters('sites_ICUHelperFunctions_name'), '/f4ccd3ecd6164b9abd7a1d84065f5d42')]",
            "location": "South Central US",
            "dependsOn": [
                "[resourceId('Microsoft.Web/sites', parameters('sites_ICUHelperFunctions_name'))]"
            ],
            "properties": {
                "status": 4,
                "author_email": "N/A",
                "author": "N/A",
                "deployer": "Push-Deployer",
                "message": "Created via a push deployment",
                "start_time": "2020-05-16T20:37:13.7032813Z",
                "end_time": "2020-05-16T20:37:29.0814473Z",
                "active": false
            }
        },
        {
            "type": "Microsoft.Web/sites/functions",
            "apiVersion": "2018-11-01",
            "name": "[concat(parameters('sites_ICUHelperFunctions_name'), '/addInventory')]",
            "location": "South Central US",
            "dependsOn": [
                "[resourceId('Microsoft.Web/sites', parameters('sites_ICUHelperFunctions_name'))]"
            ],
            "properties": {
                "script_root_path_href": "https://icuhelperfunctions.azurewebsites.net/admin/vfs/site/wwwroot/addInventory/",
                "script_href": "https://icuhelperfunctions.azurewebsites.net/admin/vfs/site/wwwroot/bin/ICUHelperFunctions.dll",
                "config_href": "https://icuhelperfunctions.azurewebsites.net/admin/vfs/site/wwwroot/addInventory/function.json",
                "href": "https://icuhelperfunctions.azurewebsites.net/admin/functions/addInventory",
                "config": {}
            }
        },
        {
            "type": "Microsoft.Web/sites/functions",
            "apiVersion": "2018-11-01",
            "name": "[concat(parameters('sites_ICUHelperFunctions_name'), '/AddPatient')]",
            "location": "South Central US",
            "dependsOn": [
                "[resourceId('Microsoft.Web/sites', parameters('sites_ICUHelperFunctions_name'))]"
            ],
            "properties": {
                "script_root_path_href": "https://icuhelperfunctions.azurewebsites.net/admin/vfs/site/wwwroot/AddPatient/",
                "script_href": "https://icuhelperfunctions.azurewebsites.net/admin/vfs/site/wwwroot/bin/ICUHelperFunctions.dll",
                "config_href": "https://icuhelperfunctions.azurewebsites.net/admin/vfs/site/wwwroot/AddPatient/function.json",
                "href": "https://icuhelperfunctions.azurewebsites.net/admin/functions/AddPatient",
                "config": {},
                "test_data": "{\"method\":\"post\",\"queryStringParams\":[{\"name\":\"fullName\",\"value\":\"Alejandra Angulo\"},{\"name\":\"phone\",\"value\":\"456658\"},{\"name\":\"emergencyContact\",\"value\":\"trevor\"},{\"name\":\"phoneEmergencyContact\",\"value\":\"557585-6857676\"},{\"name\":\"gender\",\"value\":\"1\"},{\"name\":\"dob\",\"value\":\"2020-04-20\"},{\"name\":\"idNumber\",\"value\":\"1235644\"},{\"name\":\"idType\",\"value\":\"1\"}],\"headers\":[],\"body\":\"\"}"
            }
        },
        {
            "type": "Microsoft.Web/sites/functions",
            "apiVersion": "2018-11-01",
            "name": "[concat(parameters('sites_ICUHelperFunctions_name'), '/getInventory')]",
            "location": "South Central US",
            "dependsOn": [
                "[resourceId('Microsoft.Web/sites', parameters('sites_ICUHelperFunctions_name'))]"
            ],
            "properties": {
                "script_root_path_href": "https://icuhelperfunctions.azurewebsites.net/admin/vfs/site/wwwroot/getInventory/",
                "script_href": "https://icuhelperfunctions.azurewebsites.net/admin/vfs/site/wwwroot/bin/ICUHelperFunctions.dll",
                "config_href": "https://icuhelperfunctions.azurewebsites.net/admin/vfs/site/wwwroot/getInventory/function.json",
                "href": "https://icuhelperfunctions.azurewebsites.net/admin/functions/getInventory",
                "config": {}
            }
        },
        {
            "type": "Microsoft.Web/sites/functions",
            "apiVersion": "2018-11-01",
            "name": "[concat(parameters('sites_ICUHelperFunctions_name'), '/getPatientsAssigned')]",
            "location": "South Central US",
            "dependsOn": [
                "[resourceId('Microsoft.Web/sites', parameters('sites_ICUHelperFunctions_name'))]"
            ],
            "properties": {
                "script_root_path_href": "https://icuhelperfunctions.azurewebsites.net/admin/vfs/site/wwwroot/getPatientsAssigned/",
                "script_href": "https://icuhelperfunctions.azurewebsites.net/admin/vfs/site/wwwroot/bin/ICUHelperFunctions.dll",
                "config_href": "https://icuhelperfunctions.azurewebsites.net/admin/vfs/site/wwwroot/getPatientsAssigned/function.json",
                "href": "https://icuhelperfunctions.azurewebsites.net/admin/functions/getPatientsAssigned",
                "config": {}
            }
        },
        {
            "type": "Microsoft.Web/sites/functions",
            "apiVersion": "2018-11-01",
            "name": "[concat(parameters('sites_ICUHelperFunctions_name'), '/getTokenPowerBi')]",
            "location": "South Central US",
            "dependsOn": [
                "[resourceId('Microsoft.Web/sites', parameters('sites_ICUHelperFunctions_name'))]"
            ],
            "properties": {
                "script_root_path_href": "https://icuhelperfunctions.azurewebsites.net/admin/vfs/site/wwwroot/getTokenPowerBi/",
                "script_href": "https://icuhelperfunctions.azurewebsites.net/admin/vfs/site/wwwroot/bin/ICUHelperFunctions.dll",
                "config_href": "https://icuhelperfunctions.azurewebsites.net/admin/vfs/site/wwwroot/getTokenPowerBi/function.json",
                "href": "https://icuhelperfunctions.azurewebsites.net/admin/functions/getTokenPowerBi",
                "config": {},
                "test_data": "{\"method\":\"get\",\"queryStringParams\":[],\"headers\":[],\"body\":\"\"}"
            }
        },
        {
            "type": "Microsoft.Web/sites/functions",
            "apiVersion": "2018-11-01",
            "name": "[concat(parameters('sites_ICUHelperFunctions_name'), '/inventoryReport')]",
            "location": "South Central US",
            "dependsOn": [
                "[resourceId('Microsoft.Web/sites', parameters('sites_ICUHelperFunctions_name'))]"
            ],
            "properties": {
                "script_root_path_href": "https://icuhelperfunctions.azurewebsites.net/admin/vfs/site/wwwroot/inventoryReport/",
                "script_href": "https://icuhelperfunctions.azurewebsites.net/admin/vfs/site/wwwroot/bin/ICUHelperFunctions.dll",
                "config_href": "https://icuhelperfunctions.azurewebsites.net/admin/vfs/site/wwwroot/inventoryReport/function.json",
                "href": "https://icuhelperfunctions.azurewebsites.net/admin/functions/inventoryReport",
                "config": {}
            }
        },
        {
            "type": "Microsoft.Web/sites/functions",
            "apiVersion": "2018-11-01",
            "name": "[concat(parameters('sites_ICUHelperFunctions_name'), '/updatePatient')]",
            "location": "South Central US",
            "dependsOn": [
                "[resourceId('Microsoft.Web/sites', parameters('sites_ICUHelperFunctions_name'))]"
            ],
            "properties": {
                "script_root_path_href": "https://icuhelperfunctions.azurewebsites.net/admin/vfs/site/wwwroot/updatePatient/",
                "script_href": "https://icuhelperfunctions.azurewebsites.net/admin/vfs/site/wwwroot/bin/ICUHelperFunctions.dll",
                "config_href": "https://icuhelperfunctions.azurewebsites.net/admin/vfs/site/wwwroot/updatePatient/function.json",
                "href": "https://icuhelperfunctions.azurewebsites.net/admin/functions/updatePatient",
                "config": {}
            }
        },
        {
            "type": "Microsoft.Web/sites/functions",
            "apiVersion": "2018-11-01",
            "name": "[concat(parameters('sites_ICUHelperFunctions_name'), '/ventInventoryVerify')]",
            "location": "South Central US",
            "dependsOn": [
                "[resourceId('Microsoft.Web/sites', parameters('sites_ICUHelperFunctions_name'))]"
            ],
            "properties": {
                "script_root_path_href": "https://icuhelperfunctions.azurewebsites.net/admin/vfs/site/wwwroot/ventInventoryVerify/",
                "script_href": "https://icuhelperfunctions.azurewebsites.net/admin/vfs/site/wwwroot/bin/ICUHelperFunctions.dll",
                "config_href": "https://icuhelperfunctions.azurewebsites.net/admin/vfs/site/wwwroot/ventInventoryVerify/function.json",
                "href": "https://icuhelperfunctions.azurewebsites.net/admin/functions/ventInventoryVerify",
                "config": {}
            }
        },
        {
            "type": "Microsoft.Web/sites/hostNameBindings",
            "apiVersion": "2018-11-01",
            "name": "[concat(parameters('sites_ICUHelperFunctions_name'), '/', parameters('sites_ICUHelperFunctions_name'), '.azurewebsites.net')]",
            "location": "South Central US",
            "dependsOn": [
                "[resourceId('Microsoft.Web/sites', parameters('sites_ICUHelperFunctions_name'))]"
            ],
            "properties": {
                "siteName": "ICUHelperFunctions",
                "hostNameType": "Verified"
            }
        },
        {
            "type": "Microsoft.Web/sites/hostNameBindings",
            "apiVersion": "2018-11-01",
            "name": "[concat(parameters('sites_ICUHelperLogin_name'), '/', parameters('sites_ICUHelperLogin_name'), '.azurewebsites.net')]",
            "location": "East US",
            "dependsOn": [
                "[resourceId('Microsoft.Web/sites', parameters('sites_ICUHelperLogin_name'))]"
            ],
            "properties": {
                "siteName": "ICUHelperLogin",
                "hostNameType": "Verified"
            }
        },
        {
            "type": "Microsoft.EventHub/namespaces/eventhubs/authorizationRules",
            "apiVersion": "2017-04-01",
            "name": "[concat(parameters('namespaces_alarmVitals_name'), '/vitalspo2/alanguloTestNH_vitalsAlert_policy')]",
            "location": "East US",
            "dependsOn": [
                "[resourceId('Microsoft.EventHub/namespaces/eventhubs', parameters('namespaces_alarmVitals_name'), 'vitalspo2')]",
                "[resourceId('Microsoft.EventHub/namespaces', parameters('namespaces_alarmVitals_name'))]"
            ],
            "properties": {
                "rights": [
                    "Listen"
                ]
            }
        },
        {
            "type": "Microsoft.EventHub/namespaces/eventhubs/consumergroups",
            "apiVersion": "2017-04-01",
            "name": "[concat(parameters('namespaces_alarmVitals_name'), '/vitalspo2/$Default')]",
            "location": "East US",
            "dependsOn": [
                "[resourceId('Microsoft.EventHub/namespaces/eventhubs', parameters('namespaces_alarmVitals_name'), 'vitalspo2')]",
                "[resourceId('Microsoft.EventHub/namespaces', parameters('namespaces_alarmVitals_name'))]"
            ],
            "properties": {}
        },
        {
            "type": "Microsoft.Sql/servers/databases/advisors",
            "apiVersion": "2014-04-01",
            "name": "[concat(parameters('servers_nhtesting_name'), '/nhalangulo/CreateIndex')]",
            "dependsOn": [
                "[resourceId('Microsoft.Sql/servers/databases', parameters('servers_nhtesting_name'), 'nhalangulo')]",
                "[resourceId('Microsoft.Sql/servers', parameters('servers_nhtesting_name'))]"
            ],
            "properties": {
                "autoExecuteValue": "Disabled"
            }
        },
        {
            "type": "Microsoft.Sql/servers/databases/advisors",
            "apiVersion": "2014-04-01",
            "name": "[concat(parameters('servers_nhtesting_name'), '/nhalangulo/DbParameterization')]",
            "dependsOn": [
                "[resourceId('Microsoft.Sql/servers/databases', parameters('servers_nhtesting_name'), 'nhalangulo')]",
                "[resourceId('Microsoft.Sql/servers', parameters('servers_nhtesting_name'))]"
            ],
            "properties": {
                "autoExecuteValue": "Disabled"
            }
        },
        {
            "type": "Microsoft.Sql/servers/databases/advisors",
            "apiVersion": "2014-04-01",
            "name": "[concat(parameters('servers_nhtesting_name'), '/nhalangulo/DefragmentIndex')]",
            "dependsOn": [
                "[resourceId('Microsoft.Sql/servers/databases', parameters('servers_nhtesting_name'), 'nhalangulo')]",
                "[resourceId('Microsoft.Sql/servers', parameters('servers_nhtesting_name'))]"
            ],
            "properties": {
                "autoExecuteValue": "Disabled"
            }
        },
        {
            "type": "Microsoft.Sql/servers/databases/advisors",
            "apiVersion": "2014-04-01",
            "name": "[concat(parameters('servers_nhtesting_name'), '/nhalangulo/DropIndex')]",
            "dependsOn": [
                "[resourceId('Microsoft.Sql/servers/databases', parameters('servers_nhtesting_name'), 'nhalangulo')]",
                "[resourceId('Microsoft.Sql/servers', parameters('servers_nhtesting_name'))]"
            ],
            "properties": {
                "autoExecuteValue": "Disabled"
            }
        },
        {
            "type": "Microsoft.Sql/servers/databases/advisors",
            "apiVersion": "2014-04-01",
            "name": "[concat(parameters('servers_nhtesting_name'), '/nhalangulo/ForceLastGoodPlan')]",
            "dependsOn": [
                "[resourceId('Microsoft.Sql/servers/databases', parameters('servers_nhtesting_name'), 'nhalangulo')]",
                "[resourceId('Microsoft.Sql/servers', parameters('servers_nhtesting_name'))]"
            ],
            "properties": {
                "autoExecuteValue": "Enabled"
            }
        },
        {
            "type": "Microsoft.Sql/servers/databases/auditingPolicies",
            "apiVersion": "2014-04-01",
            "name": "[concat(parameters('servers_nhtesting_name'), '/nhalangulo/Default')]",
            "location": "East US",
            "dependsOn": [
                "[resourceId('Microsoft.Sql/servers/databases', parameters('servers_nhtesting_name'), 'nhalangulo')]",
                "[resourceId('Microsoft.Sql/servers', parameters('servers_nhtesting_name'))]"
            ],
            "properties": {
                "auditingState": "Disabled"
            }
        },
        {
            "type": "Microsoft.Sql/servers/databases/auditingSettings",
            "apiVersion": "2017-03-01-preview",
            "name": "[concat(parameters('servers_nhtesting_name'), '/nhalangulo/Default')]",
            "dependsOn": [
                "[resourceId('Microsoft.Sql/servers/databases', parameters('servers_nhtesting_name'), 'nhalangulo')]",
                "[resourceId('Microsoft.Sql/servers', parameters('servers_nhtesting_name'))]"
            ],
            "properties": {
                "state": "Disabled",
                "retentionDays": 0,
                "storageAccountSubscriptionId": "00000000-0000-0000-0000-000000000000",
                "isAzureMonitorTargetEnabled": false
            }
        },
        {
            "type": "Microsoft.Sql/servers/databases/backupLongTermRetentionPolicies",
            "apiVersion": "2017-03-01-preview",
            "name": "[concat(parameters('servers_nhtesting_name'), '/nhalangulo/default')]",
            "dependsOn": [
                "[resourceId('Microsoft.Sql/servers/databases', parameters('servers_nhtesting_name'), 'nhalangulo')]",
                "[resourceId('Microsoft.Sql/servers', parameters('servers_nhtesting_name'))]"
            ],
            "properties": {
                "weeklyRetention": "PT0S",
                "monthlyRetention": "PT0S",
                "yearlyRetention": "PT0S",
                "weekOfYear": 0
            }
        },
        {
            "type": "Microsoft.Sql/servers/databases/backupShortTermRetentionPolicies",
            "apiVersion": "2017-10-01-preview",
            "name": "[concat(parameters('servers_nhtesting_name'), '/nhalangulo/default')]",
            "dependsOn": [
                "[resourceId('Microsoft.Sql/servers/databases', parameters('servers_nhtesting_name'), 'nhalangulo')]",
                "[resourceId('Microsoft.Sql/servers', parameters('servers_nhtesting_name'))]"
            ],
            "properties": {
                "retentionDays": 7
            }
        },
        {
            "type": "Microsoft.Sql/servers/databases/extendedAuditingSettings",
            "apiVersion": "2017-03-01-preview",
            "name": "[concat(parameters('servers_nhtesting_name'), '/nhalangulo/Default')]",
            "dependsOn": [
                "[resourceId('Microsoft.Sql/servers/databases', parameters('servers_nhtesting_name'), 'nhalangulo')]",
                "[resourceId('Microsoft.Sql/servers', parameters('servers_nhtesting_name'))]"
            ],
            "properties": {
                "state": "Disabled",
                "retentionDays": 0,
                "storageAccountSubscriptionId": "00000000-0000-0000-0000-000000000000",
                "isAzureMonitorTargetEnabled": false
            }
        },
        {
            "type": "Microsoft.Sql/servers/databases/geoBackupPolicies",
            "apiVersion": "2014-04-01",
            "name": "[concat(parameters('servers_nhtesting_name'), '/nhalangulo/Default')]",
            "location": "East US",
            "dependsOn": [
                "[resourceId('Microsoft.Sql/servers/databases', parameters('servers_nhtesting_name'), 'nhalangulo')]",
                "[resourceId('Microsoft.Sql/servers', parameters('servers_nhtesting_name'))]"
            ],
            "properties": {
                "state": "Enabled"
            }
        },
        {
            "type": "Microsoft.Sql/servers/databases/securityAlertPolicies",
            "apiVersion": "2018-06-01-preview",
            "name": "[concat(parameters('servers_nhtesting_name'), '/nhalangulo/Default')]",
            "dependsOn": [
                "[resourceId('Microsoft.Sql/servers/databases', parameters('servers_nhtesting_name'), 'nhalangulo')]",
                "[resourceId('Microsoft.Sql/servers', parameters('servers_nhtesting_name'))]"
            ],
            "properties": {
                "state": "Disabled",
                "disabledAlerts": [
                    ""
                ],
                "emailAddresses": [
                    ""
                ],
                "emailAccountAdmins": false,
                "retentionDays": 0
            }
        },
        {
            "type": "Microsoft.Sql/servers/databases/transparentDataEncryption",
            "apiVersion": "2014-04-01",
            "name": "[concat(parameters('servers_nhtesting_name'), '/nhalangulo/current')]",
            "location": "East US",
            "dependsOn": [
                "[resourceId('Microsoft.Sql/servers/databases', parameters('servers_nhtesting_name'), 'nhalangulo')]",
                "[resourceId('Microsoft.Sql/servers', parameters('servers_nhtesting_name'))]"
            ],
            "properties": {
                "status": "Enabled"
            }
        },
        {
            "type": "Microsoft.Sql/servers/databases/vulnerabilityAssessments",
            "apiVersion": "2017-03-01-preview",
            "name": "[concat(parameters('servers_nhtesting_name'), '/nhalangulo/Default')]",
            "dependsOn": [
                "[resourceId('Microsoft.Sql/servers/databases', parameters('servers_nhtesting_name'), 'nhalangulo')]",
                "[resourceId('Microsoft.Sql/servers', parameters('servers_nhtesting_name'))]"
            ],
            "properties": {
                "recurringScans": {
                    "isEnabled": false,
                    "emailSubscriptionAdmins": true
                }
            }
        },
        {
            "type": "Microsoft.Storage/storageAccounts/blobServices/containers",
            "apiVersion": "2019-06-01",
            "name": "[concat(parameters('storageAccounts_icuhelperfunctionsstorag_name'), '/default/azure-webjobs-hosts')]",
            "dependsOn": [
                "[resourceId('Microsoft.Storage/storageAccounts/blobServices', parameters('storageAccounts_icuhelperfunctionsstorag_name'), 'default')]",
                "[resourceId('Microsoft.Storage/storageAccounts', parameters('storageAccounts_icuhelperfunctionsstorag_name'))]"
            ],
            "properties": {
                "publicAccess": "None"
            }
        },
        {
            "type": "Microsoft.Storage/storageAccounts/blobServices/containers",
            "apiVersion": "2019-06-01",
            "name": "[concat(parameters('storageAccounts_icuhelperfunctionsstorag_name'), '/default/azure-webjobs-secrets')]",
            "dependsOn": [
                "[resourceId('Microsoft.Storage/storageAccounts/blobServices', parameters('storageAccounts_icuhelperfunctionsstorag_name'), 'default')]",
                "[resourceId('Microsoft.Storage/storageAccounts', parameters('storageAccounts_icuhelperfunctionsstorag_name'))]"
            ],
            "properties": {
                "publicAccess": "None"
            }
        },
        {
            "type": "Microsoft.Storage/storageAccounts/fileServices/shares",
            "apiVersion": "2019-06-01",
            "name": "[concat(parameters('storageAccounts_icuhelperfunctionsstorag_name'), '/default/icuhelperfunctions')]",
            "dependsOn": [
                "[resourceId('Microsoft.Storage/storageAccounts/fileServices', parameters('storageAccounts_icuhelperfunctionsstorag_name'), 'default')]",
                "[resourceId('Microsoft.Storage/storageAccounts', parameters('storageAccounts_icuhelperfunctionsstorag_name'))]"
            ],
            "properties": {
                "shareQuota": 5120
            }
        }
    ]
}